<?xml version="1.0" encoding="UTF-8"?>
<!DOCTYPE office:document-content PUBLIC "-//OpenOffice.org//DTD OfficeDocument 1.0//EN" "office.dtd"><office:document-content xmlns:office="http://openoffice.org/2000/office" xmlns:style="http://openoffice.org/2000/style" xmlns:text="http://openoffice.org/2000/text" xmlns:table="http://openoffice.org/2000/table" xmlns:draw="http://openoffice.org/2000/drawing" xmlns:fo="http://www.w3.org/1999/XSL/Format" xmlns:xlink="http://www.w3.org/1999/xlink" xmlns:number="http://openoffice.org/2000/datastyle" xmlns:svg="http://www.w3.org/2000/svg" xmlns:chart="http://openoffice.org/2000/chart" xmlns:dr3d="http://openoffice.org/2000/dr3d" xmlns:math="http://www.w3.org/1998/Math/MathML" xmlns:form="http://openoffice.org/2000/form" xmlns:script="http://openoffice.org/2000/script" office:class="text" office:version="1.0"><office:script/><office:font-decls><style:font-decl style:name="Tahoma1" fo:font-family="Tahoma"/><style:font-decl style:name="Lucida Sans Unicode" fo:font-family="&apos;Lucida Sans Unicode&apos;" style:font-pitch="variable"/><style:font-decl style:name="Tahoma" fo:font-family="Tahoma" style:font-pitch="variable"/><style:font-decl style:name="Times New Roman" fo:font-family="&apos;Times New Roman&apos;" style:font-family-generic="roman" style:font-pitch="variable"/></office:font-decls><office:automatic-styles/><office:body><text:sequence-decls><text:sequence-decl text:display-outline-level="0" text:name="Illustration"/><text:sequence-decl text:display-outline-level="0" text:name="Table"/><text:sequence-decl text:display-outline-level="0" text:name="Text"/><text:sequence-decl text:display-outline-level="0" text:name="Drawing"/></text:sequence-decls><text:p text:style-name="Standard">Dear Sirs and Madames,</text:p><text:p text:style-name="Standard">We are proud to announce the new kayak division of our company. Our designs are unique and deliver quality performance in the water. </text:p><text:p text:style-name="Standard"/><text:p text:style-name="Standard">Please contact us to see the blueprints and make your purchase.</text:p><text:p text:style-name="Standard"/><text:p text:style-name="Standard">Regards,</text:p><text:p text:style-name="Standard"/><text:p text:style-name="Standard">Chris</text:p></office:body></office:document-content>