<?xml version="1.0" encoding="UTF-8"?>
<!DOCTYPE office:document-styles PUBLIC "-//OpenOffice.org//DTD OfficeDocument 1.0//EN" "office.dtd"><office:document-styles xmlns:office="http://openoffice.org/2000/office" xmlns:style="http://openoffice.org/2000/style" xmlns:text="http://openoffice.org/2000/text" xmlns:table="http://openoffice.org/2000/table" xmlns:draw="http://openoffice.org/2000/drawing" xmlns:fo="http://www.w3.org/1999/XSL/Format" xmlns:xlink="http://www.w3.org/1999/xlink" xmlns:number="http://openoffice.org/2000/datastyle" xmlns:svg="http://www.w3.org/2000/svg" xmlns:chart="http://openoffice.org/2000/chart" xmlns:dr3d="http://openoffice.org/2000/dr3d" xmlns:math="http://www.w3.org/1998/Math/MathML" xmlns:form="http://openoffice.org/2000/form" xmlns:script="http://openoffice.org/2000/script" office:version="1.0"><office:font-decls><style:font-decl style:name="Tahoma1" fo:font-family="Tahoma"/><style:font-decl style:name="Lucida Sans Unicode" fo:font-family="&apos;Lucida Sans Unicode&apos;" style:font-pitch="variable"/><style:font-decl style:name="Tahoma" fo:font-family="Tahoma" style:font-pitch="variable"/><style:font-decl style:name="Times New Roman" fo:font-family="&apos;Times New Roman&apos;" style:font-family-generic="roman" style:font-pitch="variable"/></office:font-decls><office:styles><style:default-style style:family="graphics"><style:properties draw:start-line-spacing-horizontal="0.1114inch" draw:start-line-spacing-vertical="0.1114inch" draw:end-line-spacing-horizontal="0.1114inch" draw:end-line-spacing-vertical="0.1114inch" style:use-window-font-color="true" style:font-name="Times New Roman" fo:font-size="12pt" fo:language="en" fo:country="US" style:font-name-asian="Lucida Sans Unicode" style:font-size-asian="12pt" style:language-asian="none" style:country-asian="none" style:font-name-complex="Tahoma" style:font-size-complex="12pt" style:language-complex="none" style:country-complex="none" style:text-autospace="ideograph-alpha" style:line-break="strict" style:writing-mode="lr-tb"><style:tab-stops/></style:properties></style:default-style><style:default-style style:family="paragraph"><style:properties style:use-window-font-color="true" style:font-name="Times New Roman" fo:font-size="12pt" fo:language="en" fo:country="US" style:font-name-asian="Lucida Sans Unicode" style:font-size-asian="12pt" style:language-asian="none" style:country-asian="none" style:font-name-complex="Tahoma" style:font-size-complex="12pt" style:language-complex="none" style:country-complex="none" fo:hyphenate="false" fo:hyphenation-remain-char-count="2" fo:hyphenation-push-char-count="2" fo:hyphenation-ladder-count="no-limit" style:text-autospace="ideograph-alpha" style:punctuation-wrap="hanging" style:line-break="strict" style:tab-stop-distance="0.4925inch" style:writing-mode="page"/></style:default-style><style:style style:name="Standard" style:family="paragraph" style:class="text"/><style:style style:name="Text body" style:family="paragraph" style:parent-style-name="Standard" style:class="text"><style:properties fo:margin-top="0inch" fo:margin-bottom="0.0835inch"/></style:style><style:style style:name="List" style:family="paragraph" style:parent-style-name="Text body" style:class="list"><style:properties style:font-name-complex="Tahoma1"/></style:style><style:style style:name="Caption" style:family="paragraph" style:parent-style-name="Standard" style:class="extra"><style:properties fo:margin-top="0.0835inch" fo:margin-bottom="0.0835inch" fo:font-size="10pt" fo:font-style="italic" style:font-size-asian="10pt" style:font-style-asian="italic" style:font-name-complex="Tahoma1" style:font-size-complex="10pt" style:font-style-complex="italic" text:number-lines="false" text:line-number="0"/></style:style><style:style style:name="Index" style:family="paragraph" style:parent-style-name="Standard" style:class="index"><style:properties style:font-name-complex="Tahoma1" text:number-lines="false" text:line-number="0"/></style:style><text:outline-style><text:outline-level-style text:level="1" style:num-format=""/><text:outline-level-style text:level="2" style:num-format=""/><text:outline-level-style text:level="3" style:num-format=""/><text:outline-level-style text:level="4" style:num-format=""/><text:outline-level-style text:level="5" style:num-format=""/><text:outline-level-style text:level="6" style:num-format=""/><text:outline-level-style text:level="7" style:num-format=""/><text:outline-level-style text:level="8" style:num-format=""/><text:outline-level-style text:level="9" style:num-format=""/><text:outline-level-style text:level="10" style:num-format=""/></text:outline-style><text:footnotes-configuration style:num-format="1" text:start-value="0" text:footnotes-position="page" text:start-numbering-at="document"/><text:endnotes-configuration style:num-format="i" text:start-value="0"/><text:linenumbering-configuration text:number-lines="false" text:offset="0.1965inch" style:num-format="1" text:number-position="left" text:increment="5"/></office:styles><office:automatic-styles><style:page-master style:name="pm1"><style:properties fo:page-width="8.2673inch" fo:page-height="11.6925inch" style:num-format="1" style:print-orientation="portrait" fo:margin-top="1inch" fo:margin-bottom="1inch" fo:margin-left="1.25inch" fo:margin-right="1.25inch" style:writing-mode="lr-tb" style:footnote-max-height="0inch"><style:footnote-sep style:width="0.0071inch" style:distance-before-sep="0.0398inch" style:distance-after-sep="0.0398inch" style:adjustment="left" style:rel-width="25%" style:color="#000000"/></style:properties><style:header-style/><style:footer-style/></style:page-master></office:automatic-styles><office:master-styles><style:master-page style:name="Standard" style:page-master-name="pm1"/></office:master-styles></office:document-styles>